{"cameraMode":{"drawMode":0,"name":"Shaded","section":"Shading Mode"},"sceneLighting":false,"audioPlay":false,"sceneViewState":{"showFog":true,"showMaterialUpdate":false,"showSkybox":false,"showFlares":true,"showImageEffects":true,"showParticleSystems":true},"in2DMode":false,"pivot":{"x":1.3515310287475587,"y":-0.3934375047683716,"z":0.2960176467895508},"rotation":{"x":0.010898486711084843,"y":0.8588998913764954,"z":-0.511713445186615,"w":0.018298817798495294},"size":24.243505477905275,"orthographic":false}