{"cameraMode":{"drawMode":0,"name":"Shaded","section":"Shading Mode"},"sceneLighting":false,"audioPlay":false,"sceneViewState":{"showFog":true,"showMaterialUpdate":false,"showSkybox":false,"showFlares":true,"showImageEffects":true,"showParticleSystems":true},"in2DMode":false,"pivot":{"x":1.351530909538269,"y":-0.3934375047683716,"z":0.2960176467895508},"rotation":{"x":-0.022899005562067033,"y":0.8054741621017456,"z":-0.5913746356964111,"w":-0.031186318024992944},"size":2.3334522247314455,"orthographic":false}