{"cameraMode":{"drawMode":0,"name":"Shaded","section":"Shading Mode"},"sceneLighting":false,"audioPlay":false,"sceneViewState":{"showFog":true,"showMaterialUpdate":false,"showSkybox":false,"showFlares":true,"showImageEffects":true,"showParticleSystems":true},"in2DMode":false,"pivot":{"x":-0.000599987804889679,"y":-0.002799998503178358,"z":0.0029281219467520715},"rotation":{"x":0.03437603637576103,"y":0.8178865909576416,"z":-0.5722452998161316,"w":0.04913216829299927},"size":0.11778835952281952,"orthographic":true}