{"cameraMode":{"drawMode":0,"name":"Shaded","section":"Shading Mode"},"sceneLighting":false,"audioPlay":false,"sceneViewState":{"showFog":true,"showMaterialUpdate":false,"showSkybox":false,"showFlares":true,"showImageEffects":true,"showParticleSystems":true},"in2DMode":false,"pivot":{"x":1.351530909538269,"y":-0.3934375047683716,"z":0.2960176467895508},"rotation":{"x":-0.32411015033721926,"y":-0.0861194059252739,"z":0.029643326997756959,"w":-0.9416307210922241},"size":2.3334522247314455,"orthographic":true}