{"cameraMode":{"drawMode":0,"name":"Shaded","section":"Shading Mode"},"sceneLighting":false,"audioPlay":false,"sceneViewState":{"showFog":true,"showMaterialUpdate":false,"showSkybox":false,"showFlares":true,"showImageEffects":true,"showParticleSystems":true},"in2DMode":false,"pivot":{"x":0.001650013029575348,"y":0.020241791382431985,"z":0.007147945463657379},"rotation":{"x":-0.3210326135158539,"y":-0.030965767800807954,"z":0.010503481142222882,"w":-0.946508526802063},"size":0.26532769203186037,"orthographic":true}