{"cameraMode":{"drawMode":0,"name":"Shaded","section":"Shading Mode"},"sceneLighting":false,"audioPlay":false,"sceneViewState":{"showFog":true,"showMaterialUpdate":false,"showSkybox":false,"showFlares":true,"showImageEffects":true,"showParticleSystems":true},"in2DMode":false,"pivot":{"x":1.351530909538269,"y":-0.3934375047683716,"z":0.2960176467895508},"rotation":{"x":-0.0017734828870743514,"y":0.7545632719993591,"z":-0.6562287211418152,"w":-0.0020356157328933479},"size":2.8997111320495607,"orthographic":false}